{"inputUnits":[63],"outputUnits":4,"inputs":{"0":{"dtype":"number","min":0.30330923199653625,"max":0.8323526382446289},"1":{"dtype":"number","min":0.24458527565002441,"max":0.8914384841918945},"2":{"dtype":"number","min":-3.931420735625579e-7,"max":5.929153417127964e-7},"3":{"dtype":"number","min":0.25750625133514404,"max":0.8096126317977905},"4":{"dtype":"number","min":0.2982439696788788,"max":0.8364714980125427},"5":{"dtype":"number","min":-0.06204049289226532,"max":0.01935683935880661},"6":{"dtype":"number","min":0.2114323377609253,"max":0.8396325707435608},"7":{"dtype":"number","min":0.4155597984790802,"max":0.8326111435890198},"8":{"dtype":"number","min":-0.10197459906339645,"max":0.009063762612640858},"9":{"dtype":"number","min":0.1837943196296692,"max":0.8349388837814331},"10":{"dtype":"number","min":0.4717433452606201,"max":0.8435688614845276},"11":{"dtype":"number","min":-0.14084111154079437,"max":0.006554488092660904},"12":{"dtype":"number","min":0.2097790241241455,"max":0.867467999458313},"13":{"dtype":"number","min":0.4624469578266144,"max":0.8591464161872864},"14":{"dtype":"number","min":-0.17831024527549744,"max":0.00365173676982522},"15":{"dtype":"number","min":0.20618900656700134,"max":0.8944659233093262},"16":{"dtype":"number","min":0.3763056993484497,"max":0.7159196138381958},"17":{"dtype":"number","min":-0.09056485444307327,"max":0.003979430068284273},"18":{"dtype":"number","min":0.16748392581939697,"max":0.9065581560134888},"19":{"dtype":"number","min":0.35733762383461,"max":0.828721821308136},"20":{"dtype":"number","min":-0.14932949841022491,"max":-0.0017804739763960242},"21":{"dtype":"number","min":0.189162939786911,"max":0.9137523770332336},"22":{"dtype":"number","min":0.30182451009750366,"max":0.900224506855011},"23":{"dtype":"number","min":-0.18794919550418854,"max":-0.004401174373924732},"24":{"dtype":"number","min":0.20793960988521576,"max":0.9222244024276733},"25":{"dtype":"number","min":0.2454606294631958,"max":0.9564632773399353},"26":{"dtype":"number","min":-0.21248406171798706,"max":-0.006209333427250385},"27":{"dtype":"number","min":0.25116825103759766,"max":0.8647727370262146},"28":{"dtype":"number","min":0.3694451153278351,"max":0.7050350904464722},"29":{"dtype":"number","min":-0.08867385983467102,"max":-0.0027178232558071613},"30":{"dtype":"number","min":0.21370893716812134,"max":0.8836773633956909},"31":{"dtype":"number","min":0.37517932057380676,"max":0.8135307431221008},"32":{"dtype":"number","min":-0.1416388750076294,"max":-0.013847608119249344},"33":{"dtype":"number","min":0.23121613264083862,"max":0.86355060338974},"34":{"dtype":"number","min":0.32170701026916504,"max":0.8029510378837585},"35":{"dtype":"number","min":-0.1512226164340973,"max":-0.013115879148244858},"36":{"dtype":"number","min":0.2432507574558258,"max":0.8503810167312622},"37":{"dtype":"number","min":0.2783281207084656,"max":0.7786229252815247},"38":{"dtype":"number","min":-0.15887083113193512,"max":-0.011334880255162716},"39":{"dtype":"number","min":0.25093257427215576,"max":0.8751422762870789},"40":{"dtype":"number","min":0.37592098116874695,"max":0.7156979441642761},"41":{"dtype":"number","min":-0.10767995566129684,"max":-0.011039060540497303},"42":{"dtype":"number","min":0.2185210883617401,"max":0.9068490266799927},"43":{"dtype":"number","min":0.38250669836997986,"max":0.8165802359580994},"44":{"dtype":"number","min":-0.1409660130739212,"max":-0.016084210947155952},"45":{"dtype":"number","min":0.24744048714637756,"max":0.8874067664146423},"46":{"dtype":"number","min":0.33433622121810913,"max":0.8022928237915039},"47":{"dtype":"number","min":-0.12961135804653168,"max":-0.008953314274549484},"48":{"dtype":"number","min":0.2709592282772064,"max":0.8721463084220886},"49":{"dtype":"number","min":0.29453882575035095,"max":0.783420741558075},"50":{"dtype":"number","min":-0.12027530372142792,"max":-0.004369658883661032},"51":{"dtype":"number","min":0.21013900637626648,"max":0.8960459232330322},"52":{"dtype":"number","min":0.39368629455566406,"max":0.7343281507492065},"53":{"dtype":"number","min":-0.12803588807582855,"max":-0.015796512365341187},"54":{"dtype":"number","min":0.18568380177021027,"max":0.9166804552078247},"55":{"dtype":"number","min":0.4139818251132965,"max":0.8091328144073486},"56":{"dtype":"number","min":-0.1409660130739212,"max":-0.013277895748615265},"57":{"dtype":"number","min":0.20900562405586243,"max":0.9021974802017212},"58":{"dtype":"number","min":0.3746955394744873,"max":0.7969197034835815},"59":{"dtype":"number","min":-0.13676059246063232,"max":-0.00714495312422514},"60":{"dtype":"number","min":0.22869965434074402,"max":0.8877777457237244},"61":{"dtype":"number","min":0.3355857729911804,"max":0.7785663604736328},"62":{"dtype":"number","min":-0.13230283558368683,"max":0.0008134673116728663}},"outputs":{"label":{"dtype":"string","min":0,"max":1,"uniqueValues":["down","fist","hand","up"],"legend":{"down":[1,0,0,0],"fist":[0,1,0,0],"hand":[0,0,1,0],"up":[0,0,0,1]}}},"isNormalized":true}